﻿<?xml version="1.0" encoding="utf-8"?>
<Symbolconfiguration xmlns="http://www.3s-software.com/schemas/Symbolconfiguration.xsd">
  <Header>
    <Version>3.5.10.0</Version>
    <SymbolConfigObject version="3.5.10.40" runtimeid="3.5.10.40" libversion="3.5.10.0" settings="LayoutCalculator=OptimizedClientSideLayoutCalculator" />
    <ProjectInfo name="Garage Door" devicename="Device" appname="Application" />
  </Header>
  <TypeList>
    <TypeSimple name="T_BOOL" size="1" swapsize="0" typeclass="Bool" iecname="BOOL" />
  </TypeList>
  <NodeList>
    <Node name="Application">
      <Node name="GVL">
        <Node name="MotorForward" type="T_BOOL" access="ReadWrite" />
        <Node name="MotorReverse" type="T_BOOL" access="ReadWrite" />
        <Node name="PushButton" type="T_BOOL" access="ReadWrite" />
        <Node name="SensorClose" type="T_BOOL" access="ReadWrite" />
        <Node name="SensorOpen" type="T_BOOL" access="ReadWrite" />
        <Node name="TopLight" type="T_BOOL" access="ReadWrite" />
      </Node>
    </Node>
  </NodeList>
</Symbolconfiguration>